ID,Row,Column,Area,BaseLandUseType,CarbonMax,CarbonMin,Cattle,CornYield,DrainageClass,Erosion,FloodFrequency,Group,NitratesPPM,PIndex,Sediment,SoilType,SoybeanYield,StreamNetwork,Subwatershed,Timber,Topography,WatershedNitrogenContribution,StrategicWetland,LandTypeYear1,LandTypeYear2,LandTypeYear3,PrecipYear0,PrecipYear1,PrecipYear2,PrecipYear3
1,1,1,10,1,18980,486,17.5,2080,30,1.5,0,,1,57.2,1.636904762,A,60.32,0,1,2750,2,0.000203874,0,1,12,12,24.58,30.39,34.34,28.18
2,1,2,10,1,18980,486,17.5,2080,30,1.5,0,,1,57.2,1.636904762,A,60.32,0,1,2750,2,0.000203874,0,1,6,6,24.58,30.39,34.34,28.18
3,1,3,10,1,18980,486,17.5,2080,30,1.5,0,,1,57.2,1.636904762,A,60.32,0,1,2750,2,0.000203874,0,1,14,14,24.58,30.39,34.34,28.18
4,1,4,10,1,18980,486,17.5,2080,30,1.5,0,,1,57.2,1.636904762,A,60.32,0,1,2750,1,0.000203874,0,1,2,2,24.58,30.39,34.34,28.18
5,1,5,10,1,18980,486,17.5,2080,30,1.5,20,,1,57.2,1.636904762,A,60.32,0,1,2750,0,0.000203874,1,1,5,5,24.58,30.39,34.34,28.18
6,1,6,10,1,18980,486,17.5,2080,30,1.5,30,,1,57.2,1.636904762,A,60.32,0,1,2750,0,0.000203874,1,1,12,12,24.58,30.39,34.34,28.18
7,1,7,10,1,18980,486,17.5,2080,30,1.5,20,,1,57.2,1.636904762,A,60.32,0,2,2750,0,0.000203874,0,1,12,12,24.58,30.39,34.34,28.18
8,1,8,10,1,18980,486,17.5,2080,30,1.5,0,,1,57.2,1.636904762,A,60.32,0,2,2750,1,0.000203874,0,1,4,4,24.58,30.39,34.34,28.18
9,1,9,10,1,18980,486,17.5,2080,30,1.5,0,,1,57.2,1.636904762,A,60.32,0,2,2750,1,0.000203874,0,1,13,13,24.58,30.39,34.34,28.18
10,1,10,10,1,18980,486,17.5,2080,30,1.5,0,,3,23.6,1.636904762,M,60.32,0,2,2750,1,0.000203874,0,1,4,4,24.58,30.39,34.34,28.18
11,1,11,10,1,18980,486,17.5,2080,30,1.5,0,,3,23.6,1.636904762,M,60.32,0,2,2750,2,0.000203874,0,1,3,3,24.58,30.39,34.34,28.18
12,1,12,10,1,18980,486,17.5,2210,30,1.5,0, ,3,23.6,1.636904762,M,64.09,0,2,2750,3,0.000611621,0,1,9,9,24.58,30.39,34.34,28.18
13,1,13,10,1,18980,486,17.5,2210,30,1.5,0,,3,23.6,1.636904762,M,64.09,0,2,2750,3,0.000611621,0,1,7,7,24.58,30.39,34.34,28.18
14,1,14,10,1,18980,486,17.5,2210,30,1.5,0,,3,23.6,1.636904762,M,64.09,0,2,2750,4,0.000611621,0,1,1,1,24.58,30.39,34.34,28.18
15,1,15,10,1,18980,486,17.5,2210,30,1.5,0,,3,23.6,1.636904762,M,64.09,0,2,2750,4,0.000611621,0,1,10,10,24.58,30.39,34.34,28.18
16,1,16,10,1,18980,486,17.5,2210,30,1.5,0,,1,57.2,1.116071429,N,64.09,0,2,2750,4,0.000611621,0,1,12,12,24.58,30.39,34.34,28.18
17,1,17,10,1,18980,486,17.5,2210,30,1.5,0,,1,57.2,1.116071429,N,64.09,0,2,2750,5,0.000611621,0,1,2,2,24.58,30.39,34.34,28.18
18,2,1,10,1,18980,486,17.5,2210,30,1.5,0,,1,57.2,1.636904762,A,64.09,0,1,2750,3,0.000611621,0,1,8,8,24.58,30.39,34.34,28.18
19,2,2,10,1,18980,486,17.5,2210,30,1.5,0,,1,57.2,1.636904762,A,64.09,0,1,2750,2,0.000611621,0,1,3,3,24.58,30.39,34.34,28.18
20,2,3,10,1,18980,486,17.5,2210,30,1.5,0,,1,57.2,1.636904762,A,64.09,0,1,2750,2,0.000611621,0,1,12,12,24.58,30.39,34.34,28.18
21,2,4,10,1,18980,486,17.5,2210,30,1.5,0,,1,57.2,1.636904762,A,64.09,0,1,2750,2,0.000611621,0,1,3,3,24.58,30.39,34.34,28.18
22,2,5,10,1,18980,486,17.5,2210,30,1.5,0,,1,57.2,1.636904762,A,64.09,0,1,2750,1,0.000611621,0,1,14,14,24.58,30.39,34.34,28.18
23,2,6,10,1,18980,486,17.5,2210,30,1.5,10,,1,57.2,1.636904762,A,64.09,0,1,2750,1,0.000611621,0,1,14,14,24.58,30.39,34.34,28.18
24,2,7,10,1,18980,486,17.5,2210,30,1.5,20,,1,57.2,1.636904762,A,64.09,0,1,2750,0,0.000611621,0,1,4,4,24.58,30.39,34.34,28.18
25,2,8,10,1,18980,486,17.5,2210,30,1.5,30,,1,57.2,1.636904762,A,64.09,1,1,2750,0,0.000611621,1,1,13,13,24.58,30.39,34.34,28.18
26,2,9,10,1,18980,486,17.5,2210,30,1.5,20,,3,23.6,1.636904762,M,64.09,0,2,2750,0,0.000611621,0,1,3,3,24.58,30.39,34.34,28.18
27,2,10,10,1,18980,486,17.5,2210,30,1.5,10,,3,23.6,1.636904762,M,64.09,0,2,2750,0,0.000611621,0,1,1,1,24.58,30.39,34.34,28.18
28,2,11,10,1,18980,486,17.5,2210,30,1.5,0,,3,23.6,1.636904762,M,64.09,0,2,2750,1,0.000611621,0,1,12,12,24.58,30.39,34.34,28.18
29,2,12,10,1,18980,486,17.5,2210,30,1.5,0,,3,23.6,1.636904762,M,64.09,0,2,2750,2,0.000611621,0,1,13,13,24.58,30.39,34.34,28.18
30,2,13,10,1,18980,486,17.5,2210,30,1.5,0,,3,23.6,1.636904762,M,64.09,0,2,2750,3,0.000611621,0,1,2,2,24.58,30.39,34.34,28.18
31,2,14,10,1,18980,486,17.5,2210,30,1.5,0,,1,57.2,1.116071429,N,64.09,0,2,2750,4,0.000611621,0,1,3,3,24.58,30.39,34.34,28.18
32,2,15,10,1,18980,486,17.5,2210,30,1.5,0,,1,57.2,1.116071429,N,64.09,0,2,2750,4,0.000611621,0,1,3,3,24.58,30.39,34.34,28.18
33,2,16,10,1,18980,486,17.5,2210,30,1.5,0,,1,57.2,1.116071429,N,64.09,0,2,2750,4,0.000611621,0,1,10,10,24.58,30.39,34.34,28.18
34,2,17,10,1,18980,486,17.5,2210,30,1.5,0,,1,57.2,1.116071429,N,64.09,0,2,2750,5,0.000611621,0,1,4,4,24.58,30.39,34.34,28.18
35,3,1,10,1,18980,486,17.5,2210,30,1.5,0,,1,57.2,1.636904762,A,64.09,0,3,2750,4,0.000611621,0,1,14,14,24.58,30.39,34.34,28.18
36,3,2,10,1,18980,486,17.5,2210,30,1.5,0,,1,57.2,1.636904762,A,64.09,0,3,2750,3,0.000611621,0,1,12,12,24.58,30.39,34.34,28.18
37,3,3,10,1,18980,486,17.5,2210,30,1.5,0,,1,57.2,1.636904762,A,64.09,0,3,2750,3,0.000611621,0,1,7,7,24.58,30.39,34.34,28.18
38,3,4,10,1,18980,486,17.5,2210,30,1.5,0,,1,57.2,1.636904762,A,64.09,0,3,2750,2,0.000611621,0,1,9,9,24.58,30.39,34.34,28.18
39,3,5,10,1,18980,486,17.5,2210,30,1.5,0,,1,57.2,1.636904762,A,64.09,0,3,2750,2,0.000611621,0,1,2,2,24.58,30.39,34.34,28.18
40,3,6,10,1,18980,486,17.5,2210,30,1.5,0,,1,57.2,1.636904762,A,64.09,0,3,2750,2,0.000611621,0,1,8,8,24.58,30.39,34.34,28.18
41,3,7,10,1,18980,486,17.5,2210,30,1.5,30,,3,23.6,1.636904762,M,64.09,0,3,2750,1,0.000611621,0,1,13,13,24.58,30.39,34.34,28.18
42,3,8,10,1,18980,486,17.5,2210,30,1.5,30,,3,23.6,1.636904762,M,64.09,0,3,2750,0,0.000611621,0,1,6,6,24.58,30.39,34.34,28.18
43,3,9,10,1,18980,486,17.5,2210,30,1.5,40,,3,23.6,1.636904762,M,64.09,1,3,2750,0,0.000611621,1,1,9,9,24.58,30.39,34.34,28.18
44,3,10,10,1,18980,486,17.5,2210,30,1.5,20,,1,57.2,1.116071429,N,64.09,0,4,2750,0,0.000611621,0,1,5,5,24.58,30.39,34.34,28.18
45,3,11,10,1,18980,486,17.5,2210,30,1.5,20,,1,57.2,1.116071429,N,64.09,0,4,2750,0,0.000611621,0,1,15,15,24.58,30.39,34.34,28.18
46,3,12,10,1,18980,486,17.5,2210,30,1.5,0,,1,57.2,1.116071429,N,64.09,0,4,2750,1,0.000611621,0,1,9,9,24.58,30.39,34.34,28.18
47,3,13,10,1,18980,486,17.5,2210,30,1.5,0,,1,57.2,1.116071429,N,64.09,0,4,2750,3,0.000611621,0,1,11,11,24.58,30.39,34.34,28.18
48,3,14,10,1,18980,486,17.5,2210,30,1.5,0,,1,57.2,1.116071429,N,64.09,0,4,2750,3,0.000611621,0,1,9,9,24.58,30.39,34.34,28.18
49,3,15,10,1,18980,486,17.5,2210,30,1.5,0,,1,57.2,1.116071429,N,64.09,0,4,2750,4,0.000611621,0,1,12,12,24.58,30.39,34.34,28.18
50,3,16,10,1,18980,486,17.5,2210,30,1.5,0,,1,57.2,1.116071429,N,64.09,0,4,2750,4,0.000611621,0,1,10,10,24.58,30.39,34.34,28.18
51,3,17,10,1,18980,486,17.5,2280,30,1.5,0, ,1,57.2,1.116071429,N,66.12,0,4,1750,3,0.000203874,0,1,13,13,24.58,30.39,34.34,28.18
52,4,1,10,1,18980,486,17.5,2280,30,1.5,0,,1,57.2,1.636904762,A,66.12,0,3,1750,4,0.000203874,0,1,1,1,24.58,30.39,34.34,28.18
53,4,2,10,1,18980,486,17.5,2280,30,1.5,0,,1,57.2,1.636904762,A,66.12,0,3,1750,4,0.000203874,0,1,9,9,24.58,30.39,34.34,28.18
54,4,3,10,1,18980,486,17.5,2280,30,1.5,0,,1,57.2,1.636904762,A,66.12,0,3,1750,3,0.000203874,0,1,2,2,24.58,30.39,34.34,28.18
55,4,4,10,1,18980,486,17.5,2280,30,1.5,0,,1,57.2,1.636904762,A,66.12,0,3,1750,2,0.000203874,0,1,2,2,24.58,30.39,34.34,28.18
56,4,5,10,1,18980,486,17.5,2280,30,1.5,0,,3,23.6,1.636904762,M,66.12,0,3,1750,1,0.000203874,0,1,5,5,24.58,30.39,34.34,28.18
57,4,6,10,1,18980,486,17.5,2280,30,1.5,0,,3,23.6,1.636904762,M,66.12,0,3,1750,1,0.000203874,0,1,7,7,24.58,30.39,34.34,28.18
58,4,7,10,1,18980,486,17.5,2350,30,1.5,10, ,3,23.6,1.116071429,Q,68.15,0,3,2750,1,0.000611621,0,1,2,2,24.58,30.39,34.34,28.18
59,4,8,10,1,18980,486,17.5,2350,30,1.5,20,,3,23.6,1.116071429,Q,68.15,0,3,2750,0,0.000611621,0,1,13,13,24.58,30.39,34.34,28.18
60,4,9,10,1,18980,486,17.5,2350,30,1.5,30,,3,23.6,1.116071429,Q,68.15,0,3,2750,0,0.000611621,0,1,13,13,24.58,30.39,34.34,28.18
61,4,10,10,1,18980,486,17.5,2350,30,1.5,30,,3,23.6,1.116071429,Q,68.15,0,3,2750,0,0.000611621,0,1,8,8,24.58,30.39,34.34,28.18
62,4,11,10,1,18980,486,17.5,2350,30,1.5,30, ,3,23.6,3.050595238,G,68.15,0,4,2450,0,0.000611621,0,1,3,3,24.58,30.39,34.34,28.18
63,4,12,10,1,18980,486,17.5,2350,30,1.5,20,,3,23.6,3.050595238,G,68.15,0,4,2450,0,0.000611621,0,1,13,13,24.58,30.39,34.34,28.18
64,4,13,10,1,18980,486,17.5,2350,30,1.5,10,,3,23.6,3.050595238,G,68.15,0,4,2450,1,0.000611621,0,1,5,5,24.58,30.39,34.34,28.18
65,4,14,10,1,18980,486,17.5,2350,30,1.5,0,,3,23.6,3.050595238,G,68.15,0,4,2450,2,0.000611621,0,1,1,1,24.58,30.39,34.34,28.18
66,4,15,10,1,18980,486,17.5,2350,30,1.5,0,,3,23.6,3.050595238,G,68.15,0,4,2450,2,0.000611621,0,1,4,4,24.58,30.39,34.34,28.18
67,4,16,10,1,18980,486,17.5,2350,30,1.5,0,,1,57.2,1.116071429,N,68.15,0,4,2450,3,0.000611621,0,1,6,6,24.58,30.39,34.34,28.18
68,4,17,10,1,18980,486,17.5,2350,30,1.5,0,,1,57.2,1.116071429,N,68.15,0,4,2450,3,0.000611621,0,1,7,7,24.58,30.39,34.34,28.18
69,5,1,10,1,18980,486,17.5,2350,30,1.5,0,,1,57.2,1.636904762,A,68.15,0,5,2450,5,0.000611621,0,1,3,3,24.58,30.39,34.34,28.18
70,5,2,10,1,18980,486,17.5,2350,30,1.5,0,,1,57.2,1.636904762,A,68.15,0,5,2450,4,0.000611621,0,1,6,6,24.58,30.39,34.34,28.18
71,5,3,10,1,18980,486,17.5,2350,30,1.5,0,,3,23.6,1.116071429,Q,68.15,0,5,2450,4,0.000611621,0,1,6,6,24.58,30.39,34.34,28.18
72,5,4,10,1,18980,486,17.5,2350,30,1.5,0,,3,23.6,1.116071429,Q,68.15,0,5,2450,3,0.000611621,0,1,11,11,24.58,30.39,34.34,28.18
73,5,5,10,1,18980,486,17.5,2140,30,1.5,0, ,1,57.2,0.595238095,C,62.06,0,5,850,3,0.000203874,0,1,8,8,24.58,30.39,34.34,28.18
74,5,6,10,1,18980,486,17.5,2140,30,1.5,0,,1,57.2,0.595238095,C,62.06,0,5,850,3,0.000203874,0,1,3,3,24.58,30.39,34.34,28.18
75,5,7,10,1,18980,486,17.5,2140,30,1.5,0,,3,23.6,1.116071429,Q,62.06,0,5,850,2,0.000203874,0,1,1,1,24.58,30.39,34.34,28.18
76,5,8,10,1,18980,486,17.5,2140,30,1.5,0,,3,23.6,1.116071429,Q,62.06,0,5,850,2,0.000203874,0,1,2,2,24.58,30.39,34.34,28.18
77,5,9,10,1,18980,486,17.5,2140,30,1.5,0,,3,23.6,1.116071429,Q,62.06,0,5,850,1,0.000203874,0,1,4,4,24.58,30.39,34.34,28.18
78,5,10,10,1,18980,486,17.5,2140,30,1.5,30,,3,23.6,1.116071429,Q,62.06,0,5,850,0,0.000203874,0,1,4,4,24.58,30.39,34.34,28.18
79,5,11,10,1,18980,486,17.5,2140,30,1.5,40,,3,23.6,3.050595238,G,62.06,1,5,850,0,0.000203874,1,1,2,2,24.58,30.39,34.34,28.18
80,5,12,10,1,18980,486,17.5,2140,30,1.5,30,,3,23.6,3.050595238,G,62.06,0,6,850,0,0.000203874,0,1,9,9,24.58,30.39,34.34,28.18
81,5,13,10,1,18980,486,17.5,2140,30,1.5,20,,3,23.6,3.050595238,G,62.06,0,6,850,1,0.000203874,0,1,5,5,24.58,30.39,34.34,28.18
82,5,14,10,1,18980,486,17.5,2140,30,1.5,0,,3,23.6,3.050595238,G,62.06,0,6,850,1,0.000203874,0,1,10,10,24.58,30.39,34.34,28.18
83,5,15,10,1,18980,486,17.5,2140,30,1.5,0,,3,23.6,3.050595238,G,62.06,0,6,850,1,0.000203874,0,1,9,9,24.58,30.39,34.34,28.18
84,5,16,10,1,18980,486,17.5,2060,30,1.5,0, ,3,23.6,2.901785714,D,59.74,0,6,2750,2,0.000611621,0,1,9,9,24.58,30.39,34.34,28.18
85,5,17,10,1,18980,486,17.5,2060,30,1.5,0,,3,23.6,2.901785714,D,59.74,0,6,2750,2,0.000611621,0,1,6,6,24.58,30.39,34.34,28.18
86,6,1,10,1,18980,486,17.5,2060,30,1.5,0,,3,23.6,1.116071429,Q,59.74,0,5,2750,5,0.000611621,0,1,8,8,24.58,30.39,34.34,28.18
87,6,2,10,1,18980,486,17.5,2060,30,1.5,0,,3,23.6,1.116071429,Q,59.74,0,5,2750,5,0.000611621,0,1,6,6,24.58,30.39,34.34,28.18
88,6,3,10,1,18980,486,17.5,2060,30,1.5,0,,3,23.6,1.116071429,Q,59.74,0,5,2750,4,0.000611621,0,1,12,12,24.58,30.39,34.34,28.18
89,6,4,10,1,18980,486,17.5,2060,30,1.5,0,,1,57.2,0.595238095,C,59.74,0,5,2750,4,0.000611621,0,1,4,4,24.58,30.39,34.34,28.18
90,6,5,10,1,18980,486,17.5,2060,30,1.5,0,,1,57.2,0.595238095,C,59.74,0,5,2750,3,0.000611621,0,1,8,8,24.58,30.39,34.34,28.18
91,6,6,10,1,18980,486,17.5,2060,30,1.5,0,,1,57.2,0.595238095,C,59.74,0,5,2750,3,0.000611621,0,1,2,2,24.58,30.39,34.34,28.18
92,6,7,10,1,18980,486,17.5,2060,30,1.5,0,,1,57.2,0.595238095,C,59.74,0,5,2750,2,0.000611621,0,1,8,8,24.58,30.39,34.34,28.18
93,6,8,10,1,18980,486,17.5,2060,30,1.5,10,,3,23.6,1.116071429,Q,59.74,0,5,2750,2,0.000611621,0,1,13,13,24.58,30.39,34.34,28.18
94,6,9,10,1,18980,486,17.5,2060,30,1.5,30,,3,23.6,1.116071429,Q,59.74,0,5,2750,1,0.000611621,0,1,1,1,24.58,30.39,34.34,28.18
95,6,10,10,1,18980,486,17.5,2060,30,1.5,40,,3,23.6,3.050595238,G,59.74,0,5,2750,0,0.000611621,1,1,1,1,24.58,30.39,34.34,28.18
96,6,11,10,1,18980,486,17.5,2060,30,1.5,50,,3,23.6,3.050595238,G,59.74,0,5,2750,0,0.000611621,1,1,14,14,24.58,30.39,34.34,28.18
97,6,12,10,1,18980,486,17.5,2060,30,1.5,30,,3,23.6,3.050595238,G,59.74,0,6,2750,0,0.000611621,0,1,14,14,24.58,30.39,34.34,28.18
98,6,13,10,1,18980,486,17.5,2060,30,1.5,10,,3,23.6,3.050595238,G,59.74,0,6,2750,1,0.000611621,0,1,1,1,24.58,30.39,34.34,28.18
99,6,14,10,1,18980,486,17.5,2060,30,1.5,0,,3,23.6,2.901785714,D,59.74,0,6,2750,2,0.000611621,0,1,7,7,24.58,30.39,34.34,28.18
100,6,15,10,1,18980,486,17.5,2060,30,1.5,0,,3,23.6,2.901785714,D,59.74,0,6,2750,1,0.000611621,0,1,6,6,24.58,30.39,34.34,28.18
101,6,16,10,1,18980,486,17.5,2060,30,1.5,0,,3,23.6,2.901785714,D,59.74,0,6,2750,2,0.000611621,0,1,7,7,24.58,30.39,34.34,28.18
102,6,17,10,1,18980,486,17.5,2060,30,1.5,0,,3,23.6,2.901785714,D,59.74,0,6,2750,3,0.000611621,0,1,6,6,24.58,30.39,34.34,28.18
103,7,1,10,1,18980,486,17.5,2060,30,1.5,0,,3,23.6,1.116071429,Q,59.74,0,7,2750,5,0.000611621,0,1,2,2,24.58,30.39,34.34,28.18
104,7,2,10,1,18980,486,17.5,2060,30,1.5,0,,3,23.6,1.116071429,Q,59.74,0,7,2750,4,0.000611621,0,1,9,9,24.58,30.39,34.34,28.18
105,7,3,10,1,18980,486,17.5,2060,30,1.5,0,,3,23.6,1.116071429,Q,59.74,0,7,2750,4,0.000611621,0,1,10,10,24.58,30.39,34.34,28.18
106,7,4,10,1,18980,486,17.5,2060,30,1.5,0,,3,23.6,1.116071429,Q,59.74,0,7,2750,3,0.000611621,0,1,8,8,24.58,30.39,34.34,28.18
107,7,5,10,1,18980,486,17.5,2060,30,1.5,0,,1,57.2,0.595238095,C,59.74,0,7,2750,4,0.000611621,0,1,3,3,24.58,30.39,34.34,28.18
108,7,6,10,1,18980,486,17.5,2060,30,1.5,0,,1,57.2,0.595238095,C,59.74,0,7,2750,2,0.000611621,0,1,11,11,24.58,30.39,34.34,28.18
109,7,7,10,1,18980,486,17.5,2060,30,1.5,0,,3,23.6,1.116071429,Q,59.74,0,7,2750,2,0.000611621,0,1,4,4,24.58,30.39,34.34,28.18
110,7,8,10,1,18980,486,17.5,2060,30,1.5,0,,3,23.6,1.116071429,Q,59.74,0,7,2750,2,0.000611621,0,1,11,11,24.58,30.39,34.34,28.18
111,7,9,10,1,18980,486,17.5,2060,30,1.5,0,,3,23.6,1.116071429,Q,59.74,0,7,2750,1,0.000611621,0,1,5,5,24.58,30.39,34.34,28.18
112,7,10,10,1,18980,486,17.5,2060,30,1.5,20,,3,23.6,1.116071429,Q,59.74,0,7,2750,0,0.000611621,0,1,10,10,24.58,30.39,34.34,28.18
113,7,11,10,1,18980,486,17.5,2060,30,1.5,40,,3,23.6,3.050595238,G,59.74,1,7,2750,0,0.000611621,1,1,7,7,24.58,30.39,34.34,28.18
114,7,12,10,1,18980,486,17.5,2060,30,1.5,30,,3,23.6,2.901785714,D,59.74,0,7,2750,0,0.000611621,0,1,7,7,24.58,30.39,34.34,28.18
115,7,13,10,1,18980,486,17.5,2060,30,1.5,20,,3,23.6,2.901785714,D,59.74,0,8,2750,1,0.000611621,0,1,3,3,24.58,30.39,34.34,28.18
116,7,14,10,1,18980,486,17.5,2060,30,1.5,0,,3,23.6,2.901785714,D,59.74,0,8,2750,2,0.000611621,0,1,2,2,24.58,30.39,34.34,28.18
117,7,15,10,1,18980,486,17.5,2060,30,1.5,0,,3,23.6,2.901785714,D,59.74,0,8,2750,3,0.000611621,0,1,9,9,24.58,30.39,34.34,28.18
118,7,16,10,1,18980,486,17.5,2060,30,1.5,0,,3,23.6,2.901785714,D,59.74,0,8,2750,3,0.000611621,0,1,7,7,24.58,30.39,34.34,28.18
119,7,17,10,1,18980,486,17.5,2060,30,1.5,0,,3,23.6,2.901785714,D,59.74,0,8,2750,3,0.000611621,0,1,15,15,24.58,30.39,34.34,28.18
120,8,1,10,1,18980,486,17.5,2060,30,1.5,0,,3,23.6,1.116071429,Q,59.74,0,7,2750,5,0.000611621,0,1,12,12,24.58,30.39,34.34,28.18
121,8,2,10,1,18980,486,17.5,2060,30,1.5,0,,3,23.6,1.116071429,Q,59.74,0,7,2750,4,0.000611621,0,1,10,10,24.58,30.39,34.34,28.18
122,8,3,10,1,18980,486,17.5,2060,30,1.5,0,,1,57.2,0.595238095,C,59.74,0,7,2750,4,0.000611621,0,1,1,1,24.58,30.39,34.34,28.18
123,8,4,10,1,18980,486,17.5,2060,30,1.5,0,,1,57.2,0.595238095,C,59.74,0,7,2750,4,0.000611621,0,1,15,15,24.58,30.39,34.34,28.18
124,8,5,10,1,18980,486,17.5,2060,30,1.5,0,,1,57.2,0.595238095,C,59.74,0,7,2750,5,0.000611621,0,1,6,6,24.58,30.39,34.34,28.18
125,8,6,10,1,18980,486,17.5,2060,30,1.5,0,,3,23.6,1.116071429,Q,59.74,0,7,2750,3,0.000611621,0,1,14,14,24.58,30.39,34.34,28.18
126,8,7,10,1,18980,486,17.5,2060,30,1.5,0,,3,23.6,1.116071429,Q,59.74,0,7,2750,2,0.000611621,0,1,2,2,24.58,30.39,34.34,28.18
127,8,8,10,1,18980,486,17.5,2060,30,1.5,30,,3,23.6,1.116071429,Q,59.74,0,7,2750,2,0.000611621,0,1,3,3,24.58,30.39,34.34,28.18
128,8,9,10,1,18980,486,17.5,2060,30,1.5,30,,3,23.6,3.050595238,G,59.74,0,7,2750,1,0.000611621,0,1,14,14,24.58,30.39,34.34,28.18
129,8,10,10,1,18980,486,17.5,2060,30,1.5,30,,3,23.6,3.050595238,G,59.74,0,7,2750,0,0.000611621,0,1,15,15,24.58,30.39,34.34,28.18
130,8,11,10,1,18980,486,17.5,2060,30,1.5,30,,3,23.6,3.050595238,G,59.74,0,8,2750,0,0.000611621,0,1,15,15,24.58,30.39,34.34,28.18
131,8,12,10,1,18980,486,17.5,2060,30,1.5,30,,3,23.6,3.050595238,G,59.74,0,8,2750,0,0.000611621,0,1,8,8,24.58,30.39,34.34,28.18
132,8,13,10,1,18980,486,17.5,2060,30,1.5,0,,3,23.6,3.050595238,G,59.74,0,8,2750,2,0.000611621,0,1,7,7,24.58,30.39,34.34,28.18
133,8,14,10,1,18980,486,17.5,2060,30,1.5,0,,3,23.6,2.901785714,D,59.74,0,8,2750,2,0.000611621,0,1,13,13,24.58,30.39,34.34,28.18
134,8,15,10,1,18980,486,17.5,2060,30,1.5,0,,3,23.6,2.901785714,D,59.74,0,8,2750,3,0.000611621,0,1,8,8,24.58,30.39,34.34,28.18
135,8,16,10,1,18980,486,17.5,2060,30,1.5,0,,3,23.6,2.901785714,D,59.74,0,8,2750,3,0.000611621,0,1,7,7,24.58,30.39,34.34,28.18
136,8,17,10,1,18980,486,17.5,2060,30,1.5,0,,3,23.6,2.901785714,D,59.74,0,8,2750,3,0.000611621,0,1,11,11,24.58,30.39,34.34,28.18
137,9,1,10,1,18980,486,17.5,2060,30,1.5,0,,1,57.2,0.595238095,C,59.74,0,9,2750,5,0.000611621,0,1,13,13,24.58,30.39,34.34,28.18
138,9,2,10,1,18980,486,17.5,2060,30,1.5,0,,1,57.2,0.595238095,C,59.74,0,9,2750,5,0.000611621,0,1,7,7,24.58,30.39,34.34,28.18
139,9,3,10,1,18980,486,17.5,2060,30,1.5,0,,1,57.2,0.595238095,C,59.74,0,9,2750,5,0.000611621,0,1,11,11,24.58,30.39,34.34,28.18
140,9,4,10,1,18980,486,17.5,2060,30,1.5,0,,1,57.2,0.595238095,C,59.74,0,9,2750,4,0.000611621,0,1,13,13,24.58,30.39,34.34,28.18
141,9,5,10,1,18980,486,17.5,2060,30,1.5,0,,1,57.2,0.595238095,C,59.74,0,9,2750,4,0.000611621,0,1,15,15,24.58,30.39,34.34,28.18
142,9,6,10,1,18980,486,17.5,2060,30,1.5,0,,1,57.2,0.595238095,C,59.74,0,9,2750,2,0.000611621,0,1,8,8,24.58,30.39,34.34,28.18
143,9,7,10,1,18980,486,17.5,2060,30,1.5,0,,3,23.6,1.116071429,Q,59.74,0,9,2750,2,0.000611621,0,1,11,11,24.58,30.39,34.34,28.18
144,9,8,10,1,18980,486,17.5,2060,30,1.5,30,,3,23.6,3.050595238,G,59.74,0,9,2750,1,0.000611621,0,1,11,11,24.58,30.39,34.34,28.18
145,9,9,10,1,18980,486,17.5,2060,30,1.5,40,,3,23.6,3.050595238,G,59.74,0,9,2750,0,0.000611621,0,1,2,2,24.58,30.39,34.34,28.18
146,9,10,10,1,18980,486,17.5,2060,30,1.5,50,,3,23.6,3.050595238,G,59.74,0,10,2750,0,0.000611621,0,1,3,3,24.58,30.39,34.34,28.18
147,9,11,10,1,18980,486,17.5,2060,30,1.5,30,,3,23.6,3.050595238,G,59.74,0,10,2750,0,0.000611621,0,1,6,6,24.58,30.39,34.34,28.18
148,9,12,10,1,18980,486,17.5,2060,30,1.5,30,,3,23.6,3.050595238,G,59.74,0,10,2750,1,0.000611621,0,1,4,4,24.58,30.39,34.34,28.18
149,9,13,10,1,18980,486,17.5,2060,30,1.5,0,,3,23.6,3.050595238,G,59.74,0,10,2750,2,0.000611621,0,1,1,1,24.58,30.39,34.34,28.18
150,9,14,10,1,18980,486,17.5,2000,30,1.5,0, ,3,23.6,1.116071429,K,58,0,10,1300,2,0.000611621,0,1,10,10,24.58,30.39,34.34,28.18
151,9,15,10,1,18980,486,17.5,2000,30,1.5,0,,3,23.6,1.116071429,K,58,0,10,1300,3,0.000611621,0,1,11,11,24.58,30.39,34.34,28.18
152,9,16,10,1,18980,486,17.5,2000,30,1.5,0,,3,23.6,2.901785714,D,58,0,10,1300,4,0.000611621,0,1,13,13,24.58,30.39,34.34,28.18
153,9,17,10,1,18980,486,17.5,2000,30,1.5,0,,3,23.6,2.901785714,D,58,0,10,1300,4,0.000611621,0,1,8,8,24.58,30.39,34.34,28.18
154,10,1,10,1,18980,486,17.5,2000,30,1.5,0,,1,57.2,0.595238095,C,58,0,9,1300,4,0.000611621,0,1,1,1,24.58,30.39,34.34,28.18
155,10,2,10,1,18980,486,17.5,2000,30,1.5,0,,1,57.2,0.595238095,C,58,0,9,1300,3,0.000611621,0,1,2,2,24.58,30.39,34.34,28.18
156,10,3,10,1,18980,486,17.5,2000,30,1.5,0,,1,57.2,0.595238095,C,58,0,9,1300,3,0.000611621,0,1,4,4,24.58,30.39,34.34,28.18
157,10,4,10,1,18980,486,17.5,2000,30,1.5,0,,1,57.2,0.595238095,C,58,0,9,1300,3,0.000611621,0,1,5,5,24.58,30.39,34.34,28.18
158,10,5,10,1,18980,486,17.5,2000,30,1.5,0,,3,23.6,3.050595238,G,58,0,9,1300,2,0.000611621,0,1,6,6,24.58,30.39,34.34,28.18
159,10,6,10,1,18980,486,17.5,2000,30,1.5,0,,3,23.6,3.050595238,G,58,0,9,1300,2,0.000611621,0,1,2,2,24.58,30.39,34.34,28.18
160,10,7,10,1,18980,486,17.5,2000,30,1.5,0,,3,23.6,3.050595238,G,58,0,9,1300,2,0.000611621,0,1,9,9,24.58,30.39,34.34,28.18
161,10,8,10,1,18980,486,17.5,2000,30,1.5,0,,3,23.6,3.050595238,G,58,0,9,1300,1,0.000611621,0,1,9,9,24.58,30.39,34.34,28.18
162,10,9,10,1,18980,486,17.5,2000,30,1.5,30,,3,23.6,3.050595238,G,58,0,10,1300,0,0.000611621,0,1,10,10,24.58,30.39,34.34,28.18
163,10,10,10,1,18980,486,17.5,2000,30,1.5,40,,3,23.6,3.050595238,G,58,1,10,1300,0,0.000611621,1,1,13,13,24.58,30.39,34.34,28.18
164,10,11,10,1,18980,486,17.5,2000,30,1.5,30,,3,23.6,1.116071429,K,58,0,10,1300,0,0.000611621,0,1,12,12,24.58,30.39,34.34,28.18
165,10,12,10,1,18980,486,17.5,2000,30,1.5,0,,3,23.6,1.116071429,K,58,0,10,1300,1,0.000611621,0,1,8,8,24.58,30.39,34.34,28.18
166,10,13,10,1,18980,486,17.5,2000,30,1.5,0,,3,23.6,1.116071429,K,58,0,10,1300,1,0.000611621,0,1,6,6,24.58,30.39,34.34,28.18
167,10,14,10,1,18980,486,17.5,1790,30,1.5,0, ,2,57.2,0.074404762,K,51.91,0,10,850,1,0.000407747,0,1,12,12,24.58,30.39,34.34,28.18
168,10,15,10,1,18980,486,17.5,1790,30,1.5,0,,3,23.6,2.901785714,D,51.91,0,10,850,3,0.000407747,0,1,9,9,24.58,30.39,34.34,28.18
169,10,16,10,1,18980,486,17.5,1790,30,1.5,0,,3,23.6,2.901785714,D,51.91,0,10,850,4,0.000407747,0,1,6,6,24.58,30.39,34.34,28.18
170,10,17,10,1,18980,486,17.5,1790,30,1.5,0,,3,23.6,2.901785714,D,51.91,0,10,850,4,0.000407747,0,1,10,10,24.58,30.39,34.34,28.18
171,11,1,10,1,18980,486,17.5,1790,30,1.5,0,,1,57.2,0.595238095,C,51.91,0,11,850,4,0.000407747,0,1,5,5,24.58,30.39,34.34,28.18
172,11,2,10,1,18980,486,17.5,1790,30,1.5,0,,3,23.6,3.050595238,G,51.91,0,11,850,3,0.000407747,0,1,6,6,24.58,30.39,34.34,28.18
173,11,3,10,1,18980,486,17.5,1790,30,1.5,0,,3,23.6,3.050595238,G,51.91,0,11,850,3,0.000407747,0,1,12,12,24.58,30.39,34.34,28.18
174,11,4,10,1,18980,486,17.5,1790,30,1.5,0,,3,23.6,3.050595238,G,51.91,0,11,850,2,0.000407747,0,1,6,6,24.58,30.39,34.34,28.18
175,11,5,10,1,18980,486,17.5,1790,30,1.5,0,,3,23.6,3.050595238,G,51.91,0,11,850,2,0.000407747,0,1,12,12,24.58,30.39,34.34,28.18
176,11,6,10,1,18980,486,17.5,1790,30,1.5,0,,3,23.6,3.050595238,G,51.91,0,11,850,2,0.000407747,0,1,11,11,24.58,30.39,34.34,28.18
177,11,7,10,1,18980,486,17.5,1790,30,1.5,0,,3,23.6,3.050595238,G,51.91,0,11,850,2,0.000407747,0,1,6,6,24.58,30.39,34.34,28.18
178,11,8,10,1,18980,486,17.5,1790,30,1.5,30,,3,23.6,3.050595238,G,51.91,0,11,850,1,0.000407747,0,1,7,7,24.58,30.39,34.34,28.18
179,11,9,10,1,18980,486,17.5,1790,30,1.5,30,,3,23.6,1.116071429,K,51.91,0,12,850,0,0.000407747,0,1,14,14,24.58,30.39,34.34,28.18
180,11,10,10,1,18980,486,17.5,1790,30,1.5,30,,3,23.6,1.116071429,K,51.91,0,12,850,0,0.000407747,0,1,6,6,24.58,30.39,34.34,28.18
181,11,11,10,1,18980,486,17.5,1790,30,1.5,0,,3,23.6,1.116071429,K,51.91,0,12,850,0,0.000407747,0,1,11,11,24.58,30.39,34.34,28.18
182,11,12,10,1,18980,486,17.5,1790,30,1.5,0,,3,23.6,1.116071429,K,51.91,0,12,850,2,0.000407747,0,1,7,7,24.58,30.39,34.34,28.18
183,11,13,10,1,18980,486,17.5,1790,30,1.5,0,,3,23.6,1.116071429,K,51.91,0,12,850,3,0.000407747,0,1,13,13,24.58,30.39,34.34,28.18
184,11,14,10,1,18980,486,17.5,1790,30,1.5,0,,3,23.6,1.116071429,K,51.91,0,12,850,3,0.000407747,0,1,11,11,24.58,30.39,34.34,28.18
185,11,15,10,1,18980,486,17.5,1790,30,1.5,0,,3,23.6,1.116071429,K,51.91,0,12,850,4,0.000407747,0,1,6,6,24.58,30.39,34.34,28.18
186,11,16,10,1,18980,486,17.5,1790,30,1.5,0,,3,23.6,1.116071429,K,51.91,0,12,850,4,0.000407747,0,1,13,13,24.58,30.39,34.34,28.18
187,11,17,10,1,18980,486,17.5,1790,30,1.5,0,,3,23.6,2.901785714,D,51.91,0,12,850,5,0.000407747,0,1,6,6,24.58,30.39,34.34,28.18
188,12,1,10,1,18980,486,17.5,1790,30,1.5,0,,3,23.6,3.050595238,G,51.91,0,11,850,3,0.000407747,0,1,3,3,24.58,30.39,34.34,28.18
189,12,2,10,1,18980,486,17.5,1790,30,1.5,0,,3,23.6,3.050595238,G,51.91,0,11,850,3,0.000407747,0,1,5,5,24.58,30.39,34.34,28.18
190,12,3,10,1,18980,486,17.5,1790,30,1.5,0,,3,23.6,3.050595238,G,51.91,0,11,850,2,0.000407747,0,1,11,11,24.58,30.39,34.34,28.18
191,12,4,10,1,18980,486,17.5,1790,30,1.5,0,,3,23.6,3.050595238,G,51.91,0,11,850,2,0.000407747,0,1,13,13,24.58,30.39,34.34,28.18
192,12,5,10,1,18980,486,17.5,1790,30,1.5,0,,3,23.6,3.050595238,G,51.91,0,11,850,2,0.000407747,0,1,9,9,24.58,30.39,34.34,28.18
193,12,6,10,1,18980,486,17.5,1790,30,1.5,0,,3,23.6,3.050595238,G,51.91,0,11,850,2,0.000407747,0,1,11,11,24.58,30.39,34.34,28.18
194,12,7,10,1,18980,486,17.5,1790,30,1.5,20,,3,23.6,1.116071429,K,51.91,0,12,850,1,0.000407747,0,1,5,5,24.58,30.39,34.34,28.18
195,12,8,10,1,18980,486,17.5,1790,30,1.5,40,,3,23.6,1.116071429,K,51.91,0,12,850,0,0.000407747,0,1,2,2,24.58,30.39,34.34,28.18
196,12,9,10,1,18980,486,17.5,1790,30,1.5,50,,3,23.6,1.116071429,K,51.91,1,12,850,0,0.000407747,1,1,8,8,24.58,30.39,34.34,28.18
197,12,10,10,1,18980,486,17.5,1790,30,1.5,30,,3,23.6,1.116071429,K,51.91,0,12,850,0,0.000407747,0,1,5,5,24.58,30.39,34.34,28.18
198,12,11,10,1,18980,486,17.5,1790,30,1.5,20,,3,23.6,1.116071429,K,51.91,0,12,850,1,0.000407747,0,1,15,15,24.58,30.39,34.34,28.18
199,12,12,10,1,18980,486,17.5,1790,30,1.5,0,,3,23.6,1.116071429,K,51.91,0,12,850,3,0.000407747,0,1,3,3,24.58,30.39,34.34,28.18
200,12,13,10,1,18980,486,17.5,1790,30,1.5,0,,3,23.6,1.116071429,K,51.91,0,12,850,3,0.000407747,0,1,8,8,24.58,30.39,34.34,28.18
201,12,14,10,1,18980,486,17.5,1790,30,1.5,0,,3,23.6,1.116071429,K,51.91,0,12,850,4,0.000407747,0,1,6,6,24.58,30.39,34.34,28.18
202,12,15,10,1,18980,486,17.5,1790,30,1.5,0,,3,23.6,1.116071429,K,51.91,0,12,850,4,0.000407747,0,1,8,8,24.58,30.39,34.34,28.18
203,12,16,10,1,18980,486,17.5,1790,30,1.5,0,,3,23.6,1.116071429,K,51.91,0,12,850,5,0.000407747,0,1,8,8,24.58,30.39,34.34,28.18
204,12,17,10,1,18980,486,17.5,1790,30,1.5,0,,3,23.6,1.116071429,K,51.91,0,12,850,5,0.000407747,0,1,11,11,24.58,30.39,34.34,28.18
205,13,1,10,1,18980,486,17.5,1790,30,1.5,0,,3,23.6,3.050595238,G,51.91,0,13,850,1,0.000407747,0,1,9,9,24.58,30.39,34.34,28.18
206,13,2,10,1,18980,486,17.5,1790,30,1.5,0,,3,23.6,3.050595238,G,51.91,0,13,850,1,0.000407747,0,1,8,8,24.58,30.39,34.34,28.18
207,13,3,10,1,18980,486,17.5,1790,30,1.5,0,,3,23.6,3.050595238,G,51.91,0,13,850,1,0.000407747,0,1,5,5,24.58,30.39,34.34,28.18
208,13,4,10,1,18980,486,17.5,1790,30,1.5,0,,3,23.6,3.050595238,G,51.91,0,13,850,1,0.000407747,0,1,15,15,24.58,30.39,34.34,28.18
209,13,5,10,1,18980,486,17.5,1790,30,1.5,0,,3,23.6,3.050595238,G,51.91,0,13,850,0,0.000407747,0,1,12,12,24.58,30.39,34.34,28.18
210,13,6,10,1,18980,486,17.5,1790,30,1.5,30,,3,23.6,3.050595238,G,51.91,0,13,850,0,0.000407747,0,1,8,8,24.58,30.39,34.34,28.18
211,13,7,10,1,18980,486,17.5,1790,30,1.5,40,,3,23.6,1.116071429,K,51.91,0,13,850,0,0.000407747,0,1,1,1,24.58,30.39,34.34,28.18
212,13,8,10,1,18980,486,17.5,1790,30,1.5,40,,3,23.6,1.116071429,K,51.91,0,14,850,0,0.000407747,0,1,3,3,24.58,30.39,34.34,28.18
213,13,9,10,1,18980,486,17.5,1790,30,1.5,40,,3,23.6,1.116071429,K,51.91,0,14,850,1,0.000407747,0,1,8,8,24.58,30.39,34.34,28.18
214,13,10,10,1,18980,486,17.5,1790,30,1.5,30,,1,10,0.074404762,L,51.91,0,14,850,1,0.000407747,0,1,8,8,24.58,30.39,34.34,28.18
215,13,11,10,1,18980,486,17.5,2100,30,1.5,20, ,1,10,0.074404762,L,60.9,0,14,850,1,0.000203874,0,1,6,6,24.58,30.39,34.34,28.18
216,13,12,10,1,18980,486,17.5,2100,30,1.5,0,,1,10,0.074404762,L,60.9,0,14,850,3,0.000203874,0,1,2,2,24.58,30.39,34.34,28.18
217,13,13,10,1,18980,486,17.5,2100,30,1.5,0,,3,23.6,1.116071429,K,60.9,0,14,850,4,0.000203874,0,1,12,12,24.58,30.39,34.34,28.18
218,13,14,10,1,18980,486,17.5,2100,30,1.5,0,,3,23.6,1.116071429,K,60.9,0,14,850,4,0.000203874,0,1,9,9,24.58,30.39,34.34,28.18
219,13,15,10,1,18980,486,17.5,2100,30,1.5,0,,3,23.6,1.116071429,K,60.9,0,14,850,5,0.000203874,0,1,7,7,24.58,30.39,34.34,28.18
220,13,16,10,1,18980,486,17.5,2100,30,1.5,0,,3,23.6,1.116071429,K,60.9,0,14,850,5,0.000203874,0,1,9,9,24.58,30.39,34.34,28.18
221,13,17,10,1,18980,486,17.5,2100,30,1.5,0,,3,23.6,1.116071429,K,60.9,0,14,850,5,0.000203874,0,1,13,13,24.58,30.39,34.34,28.18
222,14,1,10,1,18980,486,17.5,2100,30,1.5,0,,3,23.6,3.050595238,G,60.9,0,13,850,1,0.000203874,0,1,11,11,24.58,30.39,34.34,28.18
223,14,2,10,1,18980,486,17.5,2100,30,1.5,0,,3,23.6,3.050595238,G,60.9,0,13,850,1,0.000203874,0,1,5,5,24.58,30.39,34.34,28.18
224,14,3,10,1,18980,486,17.5,2100,30,1.5,0,,3,23.6,3.050595238,G,60.9,0,13,850,1,0.000203874,0,1,5,5,24.58,30.39,34.34,28.18
225,14,4,10,1,18980,486,17.5,2100,30,1.5,0,,3,23.6,3.050595238,G,60.9,0,13,850,0,0.000203874,0,1,5,5,24.58,30.39,34.34,28.18
226,14,5,10,1,18980,486,17.5,2100,30,1.5,0,,3,23.6,3.050595238,G,60.9,0,13,850,0,0.000203874,0,1,8,8,24.58,30.39,34.34,28.18
227,14,6,10,1,18980,486,17.5,2100,30,1.5,30,,3,23.6,1.116071429,K,60.9,0,13,850,0,0.000203874,0,1,5,5,24.58,30.39,34.34,28.18
228,14,7,10,1,18980,486,17.5,2100,30,1.5,40,,3,23.6,1.116071429,K,60.9,0,13,850,0,0.000203874,0,1,3,3,24.58,30.39,34.34,28.18
229,14,8,10,1,18980,486,17.5,2100,30,1.5,40,,3,23.6,1.116071429,K,60.9,0,14,850,0,0.000203874,0,1,2,2,24.58,30.39,34.34,28.18
230,14,9,10,1,18980,486,17.5,2100,30,1.5,40,,3,23.6,1.116071429,K,60.9,0,14,850,1,0.000203874,0,1,2,2,24.58,30.39,34.34,28.18
231,14,10,10,1,18980,486,17.5,2100,30,1.5,30,,1,10,0.074404762,L,60.9,0,14,850,1,0.000203874,0,1,2,2,24.58,30.39,34.34,28.18
232,14,11,10,1,18980,486,17.5,2100,30,1.5,0,,1,10,0.074404762,L,60.9,0,14,850,1,0.000203874,0,1,14,14,24.58,30.39,34.34,28.18
233,14,12,10,1,18980,486,17.5,2100,30,1.5,0,,1,10,0.074404762,L,60.9,0,14,850,3,0.000203874,0,1,11,11,24.58,30.39,34.34,28.18
234,14,13,10,1,18980,486,17.5,2100,30,1.5,0,,1,10,0.074404762,L,60.9,0,14,850,4,0.000203874,0,1,11,11,24.58,30.39,34.34,28.18
235,14,14,10,1,18980,486,17.5,2100,30,1.5,0,,1,10,0.074404762,L,60.9,0,14,850,5,0.000203874,0,1,4,4,24.58,30.39,34.34,28.18
236,14,15,10,1,18980,486,17.5,2100,30,1.5,0,,3,23.6,1.116071429,K,60.9,0,14,850,5,0.000203874,0,1,8,8,24.58,30.39,34.34,28.18
237,14,16,10,1,18980,486,17.5,2100,30,1.5,0,,3,23.6,1.116071429,K,60.9,0,14,850,4,0.000203874,0,1,5,5,24.58,30.39,34.34,28.18
238,14,17,10,1,18980,486,17.5,2100,30,1.5,0,,3,23.6,1.116071429,K,60.9,0,14,850,4,0.000203874,0,1,2,2,24.58,30.39,34.34,28.18
239,15,1,10,1,18980,486,17.5,2100,30,1.5,0,,3,23.6,3.050595238,G,60.9,0,13,850,2,0.000203874,0,1,5,5,24.58,30.39,34.34,28.18
240,15,2,10,1,18980,486,17.5,2100,30,1.5,0,,3,23.6,3.050595238,G,60.9,0,13,850,2,0.000203874,0,1,2,2,24.58,30.39,34.34,28.18
241,15,3,10,1,18980,486,17.5,2100,30,1.5,0,,5,23.6,0.595238095,T,60.9,0,13,850,1,0.000203874,0,1,8,8,24.58,30.39,34.34,28.18
242,15,4,10,1,18980,486,17.5,2100,30,1.5,0,,5,23.6,0.595238095,T,60.9,0,13,850,1,0.000203874,0,1,6,6,24.58,30.39,34.34,28.18
243,15,5,10,1,18980,486,17.5,2400,30,1.5,0, ,5,23.6,0.595238095,T,69.6,0,13,1750,1,0.001019368,0,1,6,6,24.58,30.39,34.34,28.18
244,15,6,10,1,18980,486,17.5,2400,30,1.5,20, ,5,10,0.074404762,Y,60.61,0,13,2750,0,0.001019368,0,1,3,3,24.58,30.39,34.34,28.18
245,15,7,10,1,18980,486,17.5,2400,30,1.5,30,,5,10,0.074404762,Y,60.61,0,13,2750,0,0.001019368,0,1,4,4,24.58,30.39,34.34,28.18
246,15,8,10,1,18980,486,17.5,2400,30,1.5,50,,5,10,0.074404762,Y,60.61,1,15,2750,0,0.001019368,1,1,4,4,24.58,30.39,34.34,28.18
247,15,9,10,1,18980,486,17.5,2400,30,1.5,40,,1,10,0.074404762,L,60.61,0,15,2750,0,0.001019368,0,1,13,13,24.58,30.39,34.34,28.18
248,15,10,10,1,18980,486,17.5,2400,30,1.5,30,,1,10,0.074404762,L,60.61,0,15,2750,1,0.001019368,0,1,3,3,24.58,30.39,34.34,28.18
249,15,11,10,1,18980,486,17.5,2400,30,1.5,0,,1,10,0.074404762,L,60.61,0,15,2750,2,0.001019368,0,1,8,8,24.58,30.39,34.34,28.18
250,15,12,10,1,18980,486,17.5,2400,30,1.5,0,,1,10,0.074404762,L,60.61,0,15,2750,3,0.001019368,0,1,6,6,24.58,30.39,34.34,28.18
251,15,13,10,1,18980,486,17.5,2400,30,1.5,0,,3,23.6,1.116071429,K,60.61,0,15,2750,3,0.001019368,0,1,6,6,24.58,30.39,34.34,28.18
252,15,14,10,1,18980,486,17.5,2400,30,1.5,0,,3,23.6,1.116071429,K,60.61,0,15,2750,4,0.001019368,0,1,14,14,24.58,30.39,34.34,28.18
253,15,15,10,1,18980,486,17.5,2400,30,1.5,0,,3,23.6,1.116071429,K,60.61,0,15,2750,4,0.001019368,0,1,8,8,24.58,30.39,34.34,28.18
254,15,16,10,1,18980,486,17.5,2400,30,1.5,0,,3,23.6,1.116071429,K,60.61,0,15,2750,4,0.001019368,0,1,3,3,24.58,30.39,34.34,28.18
255,15,17,10,1,18980,486,17.5,2400,30,1.5,0,,3,23.6,1.116071429,K,60.61,0,15,2750,3,0.001019368,0,1,14,14,24.58,30.39,34.34,28.18
256,16,1,10,1,18980,486,17.5,2400,30,1.5,0,,5,23.6,0.595238095,T,60.61,0,16,2750,3,0.001019368,0,1,12,12,24.58,30.39,34.34,28.18
257,16,2,10,1,18980,486,17.5,2400,30,1.5,0,,5,23.6,0.595238095,T,60.61,0,16,2750,2,0.001019368,0,1,14,14,24.58,30.39,34.34,28.18
258,16,3,10,1,18980,486,17.5,2400,30,1.5,0,,5,23.6,0.595238095,T,60.61,0,16,2750,1,0.001019368,0,1,9,9,24.58,30.39,34.34,28.18
259,16,4,10,1,18980,486,17.5,2400,30,1.5,0,,5,23.6,0.595238095,T,60.61,0,16,2750,1,0.001019368,0,1,3,3,24.58,30.39,34.34,28.18
260,16,5,10,1,18980,486,17.5,2400,30,1.5,0,,5,23.6,0.595238095,T,60.61,0,16,2750,0,0.001019368,0,1,8,8,24.58,30.39,34.34,28.18
261,16,6,10,1,18980,486,17.5,2400,30,1.5,0,,5,10,0.074404762,Y,60.61,0,16,2750,0,0.001019368,0,1,10,10,24.58,30.39,34.34,28.18
262,16,7,10,1,18980,486,17.5,2400,30,1.5,30,,5,10,0.074404762,Y,60.61,0,16,2750,0,0.001019368,0,1,3,3,24.58,30.39,34.34,28.18
263,16,8,10,1,18980,486,17.5,2400,30,1.5,30,,5,10,0.074404762,Y,60.61,0,16,2750,0,0.001019368,0,1,13,13,24.58,30.39,34.34,28.18
264,16,9,10,1,18980,486,17.5,2400,30,1.5,30,,5,10,0.074404762,Y,60.61,0,15,2750,1,0.001019368,0,1,12,12,24.58,30.39,34.34,28.18
265,16,10,10,1,18980,486,17.5,2400,30,1.5,0,,1,10,0.074404762,L,60.61,0,15,2750,1,0.001019368,0,1,9,9,24.58,30.39,34.34,28.18
266,16,11,10,1,18980,486,17.5,2400,30,1.5,0,,1,10,0.074404762,L,60.61,0,15,2750,1,0.001019368,0,1,3,3,24.58,30.39,34.34,28.18
267,16,12,10,1,18980,486,17.5,2400,30,1.5,0,,1,10,0.074404762,L,60.61,0,15,2750,1,0.001019368,0,1,11,11,24.58,30.39,34.34,28.18
268,16,13,10,1,18980,486,17.5,2400,30,1.5,0,,1,10,0.074404762,L,60.61,0,15,2750,2,0.001019368,0,1,11,11,24.58,30.39,34.34,28.18
269,16,14,10,1,18980,486,17.5,2400,30,1.5,0,,1,10,0.074404762,L,60.61,0,15,2750,2,0.001019368,0,1,8,8,24.58,30.39,34.34,28.18
270,16,15,10,1,18980,486,17.5,2400,30,1.5,0,,3,23.6,1.116071429,K,60.61,0,15,2750,2,0.001019368,0,1,6,6,24.58,30.39,34.34,28.18
271,16,16,10,1,18980,486,17.5,2400,30,1.5,0,,3,23.6,1.116071429,K,60.61,0,15,2750,2,0.001019368,0,1,9,9,24.58,30.39,34.34,28.18
272,16,17,10,1,18980,486,17.5,2400,30,1.5,0,,3,23.6,1.116071429,K,60.61,0,15,2750,2,0.001019368,0,1,6,6,24.58,30.39,34.34,28.18
273,17,1,10,1,18980,486,17.5,2400,30,1.5,0,,5,23.6,0.595238095,T,60.61,0,16,2750,3,0.001019368,0,1,2,2,24.58,30.39,34.34,28.18
274,17,2,10,1,18980,486,17.5,2400,30,1.5,0,,5,23.6,0.595238095,T,60.61,0,16,2750,2,0.001019368,0,1,2,2,24.58,30.39,34.34,28.18
275,17,3,10,1,18980,486,17.5,2400,30,1.5,0,,5,23.6,0.595238095,T,60.61,0,16,2750,1,0.001019368,0,1,9,9,24.58,30.39,34.34,28.18
276,17,4,10,1,18980,486,17.5,2400,30,1.5,0,,5,23.6,0.595238095,T,60.61,0,16,2750,1,0.001019368,0,1,5,5,24.58,30.39,34.34,28.18
277,17,5,10,1,18980,486,17.5,2400,30,1.5,0,,5,10,0.074404762,Y,60.61,0,16,2750,1,0.001019368,0,1,7,7,24.58,30.39,34.34,28.18
278,17,6,10,1,18980,486,17.5,2400,30,1.5,0,,5,10,0.074404762,Y,60.61,0,16,2750,1,0.001019368,0,1,8,8,24.58,30.39,34.34,28.18
279,17,7,10,1,18980,486,17.5,2400,30,1.5,30,,5,10,0.074404762,Y,60.61,0,16,2750,0,0.001019368,0,1,14,14,24.58,30.39,34.34,28.18
280,17,8,10,1,18980,486,17.5,2400,30,1.5,40,,5,10,0.074404762,Y,60.61,0,16,2750,0,0.001019368,0,1,13,13,24.58,30.39,34.34,28.18
281,17,9,10,1,18980,486,17.5,2400,30,1.5,50,,5,10,0.074404762,Y,60.61,1,16,2750,0,0.001019368,1,1,10,10,24.58,30.39,34.34,28.18
282,17,10,10,1,18980,486,17.5,2400,30,1.5,30,,5,10,0.074404762,Y,60.61,0,17,2750,0,0.001019368,0,1,12,12,24.58,30.39,34.34,28.18
283,17,11,10,1,18980,486,17.5,2400,30,1.5,10,,1,10,0.074404762,L,60.61,0,17,2750,1,0.001019368,0,1,5,5,24.58,30.39,34.34,28.18
284,17,12,10,1,18980,486,17.5,2400,30,1.5,0,,1,10,0.074404762,L,60.61,0,17,2750,1,0.001019368,0,1,14,14,24.58,30.39,34.34,28.18
285,17,13,10,1,18980,486,17.5,2400,30,1.5,0,,1,10,0.074404762,L,60.61,0,17,2750,1,0.001019368,0,1,10,10,24.58,30.39,34.34,28.18
286,17,14,10,1,18980,486,17.5,2400,30,1.5,0,,1,10,0.074404762,L,60.61,0,17,2750,2,0.001019368,0,1,8,8,24.58,30.39,34.34,28.18
287,17,15,10,1,18980,486,17.5,2400,30,1.5,0,,1,10,0.074404762,L,60.61,0,17,2750,2,0.001019368,0,1,6,6,24.58,30.39,34.34,28.18
288,17,16,10,1,18980,486,17.5,2400,30,1.5,0,,1,10,0.074404762,L,60.61,0,17,2750,2,0.001019368,0,1,13,13,24.58,30.39,34.34,28.18
289,17,17,10,1,18980,486,17.5,2400,30,1.5,0,,3,23.6,1.116071429,K,60.61,0,17,2750,2,0.001019368,0,1,4,4,24.58,30.39,34.34,28.18
290,18,1,10,1,18980,486,17.5,2400,30,1.5,0,,5,23.6,0.595238095,T,60.61,0,18,2750,3,0.001019368,0,1,2,2,24.58,30.39,34.34,28.18
291,18,2,10,1,18980,486,17.5,2400,30,1.5,0,,5,23.6,0.595238095,T,60.61,0,18,2750,3,0.001019368,0,1,9,9,24.58,30.39,34.34,28.18
292,18,3,10,1,18980,486,17.5,2400,30,1.5,0,,5,23.6,0.074404762,O,60.61,0,18,2750,2,0.001019368,0,1,9,9,24.58,30.39,34.34,28.18
293,18,4,10,1,18980,486,17.5,2400,30,1.5,0,,5,23.6,0.074404762,O,60.61,0,18,2750,2,0.001019368,0,1,9,9,24.58,30.39,34.34,28.18
294,18,5,10,1,18980,486,17.5,2400,30,1.5,0,,5,10,0.074404762,Y,60.61,0,18,2750,1,0.001019368,0,1,11,11,24.58,30.39,34.34,28.18
295,18,6,10,1,18980,486,17.5,2400,30,1.5,0,,5,10,0.074404762,Y,60.61,0,18,2750,1,0.001019368,0,1,4,4,24.58,30.39,34.34,28.18
296,18,7,10,1,18980,486,17.5,2400,30,1.5,0,,5,10,0.074404762,Y,60.61,0,18,2750,1,0.001019368,0,1,4,4,24.58,30.39,34.34,28.18
297,18,8,10,1,18980,486,17.5,2400,30,1.5,40,,5,10,0.074404762,Y,60.61,0,18,2750,1,0.001019368,0,1,1,1,24.58,30.39,34.34,28.18
298,18,9,10,1,18980,486,17.5,2400,30,1.5,40,,5,10,0.074404762,Y,60.61,0,18,2750,0,0.001019368,0,1,2,2,24.58,30.39,34.34,28.18
299,18,10,10,1,18980,486,17.5,2400,30,1.5,40,,5,10,0.074404762,Y,60.61,0,18,2750,0,0.001019368,0,1,12,12,24.58,30.39,34.34,28.18
300,18,11,10,1,18980,486,17.5,2400,30,1.5,40,,5,10,0.074404762,Y,60.61,0,17,2750,0,0.001019368,0,1,9,9,24.58,30.39,34.34,28.18
301,18,12,10,1,18980,486,17.5,2400,30,1.5,0,,1,10,0.074404762,L,60.61,0,17,2750,0,0.001019368,0,1,9,9,24.58,30.39,34.34,28.18
302,18,13,10,1,18980,486,17.5,2400,30,1.5,0,,1,10,0.074404762,L,60.61,0,17,2750,0,0.001019368,0,1,2,2,24.58,30.39,34.34,28.18
303,18,14,10,1,18980,486,17.5,2400,30,1.5,0,,1,10,0.074404762,L,60.61,0,17,2750,1,0.001019368,0,1,3,3,24.58,30.39,34.34,28.18
304,18,15,10,1,18980,486,17.5,2400,30,1.5,0,,1,10,0.074404762,L,60.61,0,17,2750,1,0.001019368,0,1,8,8,24.58,30.39,34.34,28.18
305,18,16,10,1,18980,486,17.5,2400,30,1.5,0,,1,10,0.074404762,L,60.61,0,17,2750,1,0.001019368,0,1,6,6,24.58,30.39,34.34,28.18
306,18,17,10,1,18980,486,17.5,2400,30,1.5,0,,1,10,0.074404762,L,60.61,0,17,2750,1,0.001019368,0,1,13,13,24.58,30.39,34.34,28.18
307,19,1,10,1,18980,486,17.5,2400,30,1.5,0,,5,23.6,0.595238095,T,60.61,0,18,2750,4,0.001019368,0,1,2,2,24.58,30.39,34.34,28.18
308,19,2,10,1,18980,486,17.5,2400,30,1.5,0,,5,23.6,0.074404762,O,60.61,0,18,2750,3,0.001019368,0,1,14,14,24.58,30.39,34.34,28.18
309,19,3,10,1,18980,486,17.5,2400,30,1.5,0,,5,23.6,0.074404762,O,60.61,0,18,2750,3,0.001019368,0,1,6,6,24.58,30.39,34.34,28.18
310,19,4,10,1,18980,486,17.5,1790,30,1.5,0, ,5,23.6,0.074404762,O,51.91,0,18,850,2,0.001019368,0,1,7,7,24.58,30.39,34.34,28.18
311,19,5,10,1,18980,486,17.5,1790,30,1.5,0,,5,23.6,0.074404762,O,51.91,0,18,850,2,0.001019368,0,1,13,13,24.58,30.39,34.34,28.18
312,19,6,10,1,18980,486,17.5,1790,30,1.5,0,,5,23.6,0.074404762,O,51.91,0,18,850,2,0.001019368,0,1,7,7,24.58,30.39,34.34,28.18
313,19,7,10,1,18980,486,17.5,1790,30,1.5,0,,5,10,0.074404762,Y,51.91,0,18,850,2,0.001019368,0,1,7,7,24.58,30.39,34.34,28.18
314,19,8,10,1,18980,486,17.5,1790,30,1.5,0,,5,10,0.074404762,Y,51.91,0,18,850,2,0.001019368,0,1,2,2,24.58,30.39,34.34,28.18
315,19,9,10,1,18980,486,17.5,1790,30,1.5,0,,5,10,0.074404762,Y,51.91,0,18,850,1,0.001019368,0,1,2,2,24.58,30.39,34.34,28.18
316,19,10,10,1,18980,486,17.5,1790,30,1.5,0,,5,10,0.074404762,Y,51.91,0,18,850,0,0.001019368,0,1,8,8,24.58,30.39,34.34,28.18
317,19,11,10,1,18980,486,17.5,1790,30,1.5,40,,5,10,0.074404762,Y,51.91,0,18,850,0,0.001019368,0,1,15,15,24.58,30.39,34.34,28.18
318,19,12,10,1,18980,486,17.5,1790,30,1.5,50,,5,10,0.074404762,Y,51.91,1,19,850,0,0.001019368,1,1,15,15,24.58,30.39,34.34,28.18
319,19,13,10,1,18980,486,17.5,1790,30,1.5,40,,1,10,0.074404762,L,51.91,0,19,850,0,0.001019368,0,1,9,9,24.58,30.39,34.34,28.18
320,19,14,10,1,18980,486,17.5,1790,30,1.5,0,,1,10,0.074404762,L,51.91,0,19,850,0,0.001019368,0,1,15,15,24.58,30.39,34.34,28.18
321,19,15,10,1,18980,486,17.5,1790,30,1.5,0,,1,10,0.074404762,L,51.91,0,19,850,1,0.001019368,0,1,6,6,24.58,30.39,34.34,28.18
322,19,16,10,1,18980,486,17.5,1790,30,1.5,0,,1,10,0.074404762,L,51.91,0,19,850,1,0.001019368,0,1,15,15,24.58,30.39,34.34,28.18
323,19,17,10,1,18980,486,17.5,1790,30,1.5,0,,1,10,0.074404762,L,51.91,0,19,850,1,0.001019368,0,1,3,3,24.58,30.39,34.34,28.18
324,20,1,10,1,18980,486,17.5,1790,30,1.5,0,,5,23.6,0.074404762,O,51.91,0,20,850,3,0.001019368,0,1,6,6,24.58,30.39,34.34,28.18
325,20,2,10,1,18980,486,17.5,1790,30,1.5,0,,5,23.6,0.074404762,O,51.91,0,20,850,3,0.001019368,0,1,7,7,24.58,30.39,34.34,28.18
326,20,3,10,1,18980,486,17.5,1790,30,1.5,0,,5,23.6,0.074404762,O,51.91,0,20,850,2,0.001019368,0,1,11,11,24.58,30.39,34.34,28.18
327,20,4,10,1,18980,486,17.5,1790,30,1.5,0,,5,23.6,0.074404762,O,51.91,0,20,850,2,0.001019368,0,1,5,5,24.58,30.39,34.34,28.18
328,20,5,10,1,18980,486,17.5,1790,30,1.5,0,,5,23.6,0.074404762,O,51.91,0,20,850,2,0.001019368,0,1,9,9,24.58,30.39,34.34,28.18
329,20,6,10,1,18980,486,17.5,1790,30,1.5,0,,5,23.6,0.074404762,O,51.91,0,20,850,1,0.001019368,0,1,14,14,24.58,30.39,34.34,28.18
330,20,7,10,1,18980,486,17.5,1790,30,1.5,0,,5,23.6,0.074404762,O,51.91,0,20,850,1,0.001019368,0,1,1,1,24.58,30.39,34.34,28.18
331,20,8,10,1,18980,486,17.5,1790,30,1.5,0,,5,10,0.074404762,Y,51.91,0,20,850,1,0.001019368,0,1,1,1,24.58,30.39,34.34,28.18
332,20,9,10,1,18980,486,17.5,1790,30,1.5,0,,5,10,0.074404762,Y,51.91,0,20,850,1,0.001019368,0,1,6,6,24.58,30.39,34.34,28.18
333,20,10,10,1,18980,486,17.5,1470,30,1.5,0, ,0,10,0.074404762,Y,42.63,0,20,1250,1,0,0,1,12,12,24.58,30.39,34.34,28.18
334,20,11,10,1,18980,486,17.5,1470,30,1.5,0,,5,10,0.074404762,Y,42.63,0,21,1250,0,0.001019368,0,1,4,4,24.58,30.39,34.34,28.18
335,20,12,10,1,18980,486,17.5,1470,30,1.5,0,,5,10,0.074404762,Y,42.63,0,21,1250,0,0.001019368,0,1,1,1,24.58,30.39,34.34,28.18
336,20,13,10,1,18980,486,17.5,1470,30,1.5,50,,5,10,0.074404762,Y,42.63,0,21,1250,0,0.001019368,1,1,2,2,24.58,30.39,34.34,28.18
337,20,14,10,1,18980,486,17.5,1470,30,1.5,50,,1,10,0.074404762,L,42.63,1,21,1250,0,0.001019368,1,1,12,12,24.58,30.39,34.34,28.18
338,20,15,10,1,18980,486,17.5,1470,30,1.5,50,,1,10,0.074404762,L,42.63,0,21,1250,0,0.001019368,1,1,9,9,24.58,30.39,34.34,28.18
339,20,16,10,1,18980,486,17.5,1470,30,1.5,0,,1,10,0.074404762,L,42.63,0,21,1250,0,0.001019368,0,1,9,9,24.58,30.39,34.34,28.18
340,20,17,10,1,18980,486,17.5,1470,30,1.5,0,,1,10,0.074404762,L,42.63,0,21,1250,1,0.001019368,0,1,2,2,24.58,30.39,34.34,28.18
